xx,95674567
frances wang,93425243
Harvey Man,98432315
Haxx,95674567
frances wang,93425243
Harvey Man,98432315
Harxx,95674567
Jeffrey,95785436
frances wang,93425243
Harvey Man,98432315
Harvey Man,9578543
vey Man,9578543
rvey Man,9578543
arvey Man,9578543
frances wang,93425243
Harvey Man,98432315
Harxx,95674567
Jeffrey,95785436
frances wang,93425243
Harvey Man,98432315
Harvey Man,9578543
vey Man,9578543
rvey Man,9578543
arvey Man,9578543
xx,95674567
Jeffrey,95785436
frances wang,93425243
Harvey Man,98432315
Harvey Man,95785436
xx,95674567
Jeffrey,95785436
frances wang,93425243
Harvey Man,98432315
Hxx,95674567
Jeffrey,95785436
frances wang,93425243
Harvey Man,98432315
Haxx,95674567
frances wang,93425243
Harvey Man,98432315
Harxx,95674567
frances wang,93425243
Harvey Man,98432315
Harvey Man,9578543
vey Man,9578543
rvey Man,9578543
arvey Man,9578543
frances wang,93425243
Harvey Man,98432315
Harxx,95674567
frances wang,93425243
Harvey Man,98432315
Harvey Man,9578543
vey Man,9578543
rvey Man,9578543
arvey Man,9578543
lilililili wang,90876789
